date,close,high,low,open,volume
2023-01-02,51925.33203125,52486.68697212838,51644.654560810806,51925.33203125,10031448
2023-01-03,51831.78125,52393.13628158845,50989.74870261733,51831.78125,13547030
2023-01-04,54077.203125,54264.32147491349,52018.90127595155,52112.46045090831,20188071
2023-01-05,54451.43359375,55012.78857925258,53890.07860824742,54451.43359375,15682826
2023-01-06,55199.9140625,55574.150768008476,54170.763122351695,54544.99982786017,17334989
2023-01-09,56790.41796875,56790.41796875,55761.26706651565,55854.82623944605,18640107
2023-01-10,56509.73828125,57164.65246662873,56041.94243455091,56322.61994257037,14859797
2023-01-11,56603.296875,57258.211053719,56416.17853822314,57071.09271694215,12310751
2023-01-12,56603.296875,57258.211053719,56041.94186466942,57164.651885330575,16102561
2023-01-13,56883.9765625,57258.21325041119,56509.73987458881,56603.29904656661,12510328
2023-01-16,57164.6484375,57632.4442512275,56883.9709492635,57351.766762991,10039972
2023-01-17,57071.09765625,57538.893538678276,56696.860950307375,57258.21600922131,9831456
2023-01-18,56509.73828125,57071.093297288906,56041.94243455091,56790.41578926946,11584041
2023-01-19,57538.88671875,57538.88671875,56509.73589939024,56603.29506478658,12808490
2023-01-20,57819.56640625,58287.36225096076,57164.652223654935,58100.243913076454,9646327
2023-01-25,59222.95703125,59597.19372655016,58942.27950977488,59410.07537890008,39217
2023-01-26,59690.75,59784.309169279,59222.95415360502,59690.75,54188
2023-01-27,60439.2265625,60813.463259481425,59784.312342782505,60252.108214009284,44282
2023-01-30,59222.95703125,60719.90381245063,59035.838683599926,60719.90381245063,59628
2023-01-31,57445.328125,59597.188950529315,57071.09145969056,59410.0706178746,163847
2023-02-01,57071.09765625,58661.603656506144,57071.09765625,58568.04448002049,98585
2023-02-02,59410.07421875,59784.310906742125,58568.04167076772,59129.396702755905,65992
2023-02-03,59410.07421875,59877.87007874016,58942.278358759846,59784.310906742125,47567
2023-02-06,57632.44921875,58942.27761008523,57632.44921875,58755.159268465904,144104
2023-02-07,58006.6875,58474.483366935485,57632.45080645161,57913.1283266129,32873
2023-02-08,59035.83984375,59222.958195077255,58380.92561410459,58755.16231675911,42558
2023-02-09,59222.95703125,59222.95703125,58287.36529299961,58942.27950977488,48035
2023-02-10,58848.72265625,58942.28183376391,58380.926768680445,58568.04512370827,44786
2023-02-13,58848.72265625,58942.28183376391,58287.367591166534,58848.72265625,59395
2023-02-14,59129.39453125,59784.308711184734,59129.39453125,59503.63120549842,70606
2023-02-15,58193.80078125,59784.306590383836,58006.68245076366,59784.306590383836,58370
2023-02-16,59597.1953125,59597.1953125,58380.926020408166,58474.48519672292,41448
2023-02-17,58568.03515625,59222.949287390176,58380.916833067095,58848.712641024365,28613
2023-02-20,58661.6015625,58942.2790819378,57819.569004186604,58848.71990879187,29846
2023-02-21,58100.24609375,58755.16030092592,58006.68692129629,58661.60112847222,60971
2023-02-22,57164.6484375,57819.56257671849,57071.0892747545,57538.885088482,39178
2023-02-23,58006.6875,58474.483366935485,57538.891633064515,57726.00997983871,37145
2023-02-24,57351.76953125,58568.038705648454,57351.76953125,58287.361203864195,50792
2023-02-27,56603.296875,56883.97438016529,56322.619369834705,56883.97438016529,11155697
2023-02-28,56696.85546875,57445.32880827146,56603.29630130982,56883.97380363037,13715861
2023-03-02,56883.9765625,57819.56828227796,56603.29904656661,56977.535734477795,13095682
2023-03-03,56603.296875,57258.211053719,56603.296875,57071.09271694215,10711405
2023-03-06,57538.88671875,57632.44588414634,56883.972560975606,57164.65005716463,13630602
2023-03-07,56790.41796875,57445.33217926277,56790.41796875,57445.33217926277,11473280
2023-03-08,56416.18359375,56603.30194729478,56041.94688666045,56229.06524020523,14161857
2023-03-09,56229.05859375,56883.97275374376,56041.94026232321,56603.295256603575,14334499
2023-03-10,55667.7109375,55854.82929359243,55293.47422531512,55667.7109375,11902471
2023-03-13,56135.50390625,56322.62225260417,55480.589694010414,56041.944733072916,12779724
2023-03-14,55199.9140625,55667.70994438559,55199.9140625,55574.150768008476,12147346
2023-03-15,55948.375,56416.17077759197,55761.25668896321,56135.493311036786,10482149
2023-03-16,56041.94140625,56322.61890911937,55293.46806526503,55387.02723288815,10611939
2023-03-17,57351.76953125,57351.76953125,56696.855360420064,56883.973694942906,14090110
2023-03-20,56322.61328125,57258.204863995015,56322.61328125,57164.64570572052,9618009
2023-03-21,56416.18359375,56790.420300839556,56229.06524020523,56603.30194729478,8318514
2023-03-22,57164.6484375,57258.2076002455,56603.293461027,57071.0892747545,8978591
2023-03-23,58287.3671875,58287.3671875,56696.86118077849,56696.86118077849,15381057
2023-03-24,58942.27734375,59222.95485491072,58287.36315104167,58661.59983258929,18278602
2023-03-27,58100.24609375,58755.16030092592,58006.68692129629,58568.04195601852,11039331
2023-03-28,58848.72265625,58848.72265625,58100.24923613871,58380.926768680445,11614118
2023-03-29,58661.6015625,58661.6015625,58193.80569677034,58474.48321620814,11216008
2023-03-30,59471.8125,59942.31734572785,59377.71153085443,59942.31734572785,15684377
2023-03-31,60224.61328125,60224.61328125,59942.31040649414,60224.61328125,14094479
2023-04-03,59377.7109375,60224.61965134707,59283.60996929477,60224.61965134707,11973133
2023-04-04,59848.20703125,60036.4089401533,59095.39939563679,59660.005122346694,11120514
2023-04-05,60130.515625,60224.616588419405,59660.010807902974,59942.31369816119,9176149
2023-04-06,58624.90625,59848.218900481545,58624.90625,59754.11792736758,14992747
2023-04-07,61165.62109375,61353.823004807695,60036.409627403846,60036.409627403846,27476120
2023-04-10,61824.33203125,62388.937803224886,60883.322411291854,60977.42337328767,18777166
2023-04-11,62012.5234375,62294.82627560698,61542.0187073217,62294.82627560698,16323183
2023-04-12,62106.63671875,62294.838648200755,61447.92996567235,61918.434789299245,15021313
2023-04-13,62200.73828125,62200.73828125,61542.031521841905,61730.23345310136,15091022
2023-04-14,61259.734375,62671.248991935485,61165.633400537634,62671.248991935485,16176490
2023-04-17,61447.92578125,61730.22865620215,60883.32003134571,61165.62290629786,13486618
2023-04-18,61730.2265625,62106.63038300305,60977.4189214939,62012.529427877285,14802060
2023-04-19,61636.13671875,61918.43963501909,61447.93477457061,61636.13671875,10255985
2023-04-20,61447.92578125,61447.92578125,60789.21907302833,61259.72386461524,9501169
2023-04-21,61824.33203125,62012.533955241626,61542.02914526255,61918.43299324581,10538622
2023-04-24,61353.82421875,61824.32900570361,60977.42038918712,61447.92517614072,12986581
2023-04-25,59848.20703125,61542.024211379714,59660.005122346694,61447.923256928065,16193271
2023-04-26,60318.72265625,60506.92459901521,59565.91488518916,59848.21779933697,12664541
2023-04-27,60789.2265625,61165.63044214396,59565.913953657124,60318.72171294505,14779601
2023-04-28,61636.13671875,62012.54060710878,61165.63185830152,61353.83380248091,19699481
2023-05-02,61824.33203125,62388.937803224886,61259.726259275114,62106.63491723744,14396948
2023-05-03,61542.03515625,61730.23709862385,61071.53030031537,61259.73224268922,8876749
2023-05-04,61259.734375,61824.3402217742,60883.33047715054,61730.23924731183,9791064
2023-05-08,62012.5234375,62388.92722164264,61542.0187073217,62388.92722164264,9405365
2023-05-09,61447.92578125,61918.43057283691,61259.72386461524,61918.43057283691,9366861
2023-05-10,60789.2265625,61636.13529169892,60506.92365276703,61636.13529169892,13057727
2023-05-11,60412.82421875,61259.73296948014,60412.82421875,60883.32908026674,11648905
2023-05-12,60318.72265625,60789.22751316302,59848.21779933697,59942.318770719576,8693913
2023-05-15,60695.11328125,60789.214232073646,60130.50757630814,60318.70947795543,8172021
2023-05-16,61542.03515625,62012.54001218463,61447.93418506307,61918.439040997706,12334657
2023-05-17,61165.62109375,62012.52969350961,60977.419182692305,62012.52969350961,10745504
2023-05-18,62294.8359375,62294.8359375,61824.33113434668,62106.63401623867,14431704
2023-05-19,64365.0625,64365.0625,63518.15378289474,63800.456688596496,20349345
2023-05-22,64459.16796875,64929.6728444343,63988.66309306569,64365.06699361314,14470308
2023-05-23,64365.0625,64647.365405701756,64082.759594298244,64459.163468567254,8561643
2023-05-24,64459.16796875,64647.36991902372,63988.66309306569,64082.76406820255,8192896
2023-05-25,64741.47265625,65870.68438862645,64647.371678551965,65776.58341092842,14231160
2023-05-26,66152.984375,66247.0853485064,65400.17658694879,65682.479507468,19549511
2023-05-30,68035.0,68035.0,66999.88934993085,67093.99031811894,27476897
2023-05-31,67188.09375,68223.2044380252,66811.68986344538,68129.10346638656,25666087
2023-06-01,66717.5859375,67376.29270980254,66435.28303508462,66717.5859375,14669296
2023-06-02,67940.8828125,67940.8828125,67376.2771381579,67470.37808388159,12161798
2023-06-05,67470.390625,68411.40025714783,67188.08773535564,68411.40025714783,12686829
2023-06-07,66811.6953125,67376.30118838028,66623.49335387324,67093.99825044014,14796613
2023-06-08,66717.5859375,66717.5859375,65870.67723025387,66247.08110014105,19165568
2023-06-09,67752.703125,68035.0060546875,66623.49140625,66905.7943359375,15050209
2023-06-12,66811.6953125,68129.10902288732,66623.49335387324,67846.80608494718,12064287
2023-06-13,67752.703125,67940.905078125,67376.29921875,67470.4001953125,13227285
2023-06-14,67658.59375,67940.89664464534,66905.78603094576,67846.79567976356,12541046
2023-06-15,67282.1796875,68034.9872923951,67093.97778627623,67846.78539117133,13614994
2023-06-16,67564.4765625,67658.57750478761,66717.56808191157,67564.4765625,15373696
2023-06-19,66999.8828125,67470.38760753161,66717.57993548104,67093.98377150632,11100887
2023-06-20,67188.09375,67188.09375,66247.08403361344,66529.38694852941,11557883
2023-06-21,66341.1796875,66999.88643617021,66247.07872340425,66529.38161569148,10626603
2023-06-22,67093.96875,67282.17062587658,65964.75749474054,66058.85843267883,11411007
2023-06-23,67376.296875,67940.90271473464,67376.296875,67752.70076815643,12329484
2023-06-26,68129.09375,68223.19470821823,67282.18512603591,67470.38704247237,10541901
2023-06-27,68317.3125,68317.3125,67752.70661157025,68223.21151859504,9442997
2023-06-28,68411.3984375,68411.3984375,67752.6917125172,68317.29747678817,8783093
2023-06-29,68469.0859375,69414.79154437155,68469.0859375,69131.07986231009,12229967
2023-06-30,68279.9296875,68752.7823861669,67807.0769888331,68563.64130670014,11694765
2023-07-03,69036.515625,69225.65676369863,68658.23334760274,68752.80391695205,10722181
2023-07-04,69036.515625,69603.93904109589,68941.94505565069,69414.79790239726,10214350
2023-07-05,68090.8125,69320.22994791667,67996.24192708333,69036.51822916666,12310610
2023-07-06,67712.53125,68469.09584497206,67617.96067562849,67996.24297311452,14777667
2023-07-07,66104.828125,67523.38666845494,66010.25755543634,67239.67495976394,17308877
2023-07-10,65726.5390625,66577.67410071942,65442.82738309352,66199.39186151078,11713926
2023-07-11,67617.9453125,67617.9453125,66293.95757211538,66388.528125,12177392
2023-07-12,67996.2421875,68090.81276077886,67239.67760126913,67334.24817454799,10375581
2023-07-13,67996.2421875,68658.23620045201,67996.2421875,68469.0950538943,14417279
2023-07-14,69414.796875,69414.796875,68469.09119550408,68563.66176345368,15882519
2023-07-17,69320.2109375,69509.35203146316,68847.35820259209,69225.64039051841,10060049
2023-07-18,68090.8125,69509.37109375,68090.8125,69225.659375,11697900
2023-07-19,67807.09375,68847.369944212,67428.81149755928,68752.79938110181,10896412
2023-07-20,67145.109375,67617.96225792253,66955.96822183099,67239.6799515845,9732730
2023-07-21,66483.109375,66577.679943101,65631.97426209104,66577.679943101,16528926
2023-07-24,66577.671875,67050.52465820312,66104.81909179688,66293.96020507812,13418597
2023-07-25,66199.3984375,66672.25128348214,66010.25729910714,66199.3984375,14314945
2023-07-26,66010.25,66766.81446991404,64402.55050143267,66010.25,30016221
2023-07-27,67807.09375,67807.09375,65537.40023535566,66104.82361401674,24261179
2023-07-28,66766.8125,68469.08250708214,66293.95972025495,67901.6591713881,19420683
2023-07-31,66010.25,67145.09670487106,66010.25,67050.5261461318,13035420
2023-08-01,67239.671875,67334.24244022503,66199.39565752461,66293.96622274964,12299254
2023-08-02,66104.828125,67145.10439020029,66010.25755543634,66861.3926815093,13835020
2023-08-03,65064.55859375,66388.54670466934,64780.846855695854,66104.83496661519,20087090
2023-08-04,64591.6953125,65348.25982567716,64497.12474835286,65064.54813323573,12360193
2023-08-07,64780.84375,65442.837773722626,63929.70857664233,64024.27915145986,10968505
2023-08-08,63929.69921875,65348.25763336724,63740.55809680104,65253.68707239276,14664709
2023-08-09,65159.11328125,65821.10717525399,64213.407718387156,64307.97827467344,17259673
2023-08-10,64307.984375,64780.83720128677,64118.843244485295,64591.696070772065,10227311
2023-08-11,63835.12109375,65064.53824074074,63835.12109375,64686.25604166667,9781038
2023-08-14,63645.99609375,64213.419535893394,63267.713798987745,63835.13724113113,9352343
2023-08-16,63362.28125,63456.85181902985,62700.28726679105,63078.56954291045,13174578
2023-08-17,63078.5625,63173.13305847077,62416.56859070465,62700.28026611694,10778652
2023-08-18,62700.2890625,63078.57134945324,62227.436203808444,62416.57734728506,11745006
2023-08-21,62983.9921875,63456.84498170045,62700.280510979734,62983.9921875,9720067
2023-08-22,62983.9921875,64024.26833474099,62700.280510979734,63551.41554054054,10500242
2023-08-23,63456.84765625,63456.84765625,62794.85371646796,63078.56540494598,9549352
2023-08-24,64497.125,64969.977822580644,64213.41330645161,64591.69556451613,15044463
2023-08-25,63456.84765625,63740.55934472802,63267.70653059799,63456.84765625,7032462
2023-08-28,63173.13671875,63362.277846650446,62889.42502689933,63173.13671875,5824628
2023-08-29,63173.13671875,63551.4189745509,62983.995590849554,63267.70728270023,9114352
2023-08-30,63456.84765625,64024.27103320604,63456.84765625,63645.988781902015,9181223
2023-08-31,63267.703125,63551.41479820628,62794.85033632287,63456.844240470855,15964630
2023-09-01,67145.109375,67145.109375,63078.574581866196,63173.1451584507,29738235
2023-09-04,67334.2421875,68941.94179029143,66861.38936314957,68941.94179029143,26286495
2023-09-05,66861.3984375,67617.96305914073,66388.54554897454,67050.53959291018,12330239
2023-09-06,66199.3984375,66955.96299107143,65915.68672991071,66861.392421875,11414620
2023-09-07,66577.671875,66766.81298828125,65821.107421875,66199.3896484375,13741241
2023-09-08,66483.109375,66483.109375,65821.11539829303,66388.538806899,10688118
2023-09-11,66955.953125,66955.953125,66199.3886829096,66577.6709039548,11785462
2023-09-12,66672.2421875,67145.09496897162,66577.67163120567,66955.95385638297,11688599
2023-09-13,67050.53125,67712.52521156559,66483.10785437236,67239.67238187589,15955797
2023-09-14,67807.09375,67901.66431311019,66955.95868200838,67334.2409344491,21041407
2023-09-15,68090.8125,68374.52421875,67523.38906249999,67807.10078125,17823512
2023-09-18,66388.53125,67807.08961004273,66388.53125,67428.80738069801,16040727
2023-09-19,66010.25,66955.95558739256,65821.1088825215,66577.67335243554,11820188
2023-09-20,65821.109375,66483.10329112787,65726.53881555315,66199.39161278735,10873015
2023-09-21,65159.11328125,66010.24828782656,65064.542724963714,65442.82495010885,10796336
2023-09-22,65064.55859375,65159.12917310138,64591.70569699309,64591.70569699309,9897840
2023-09-25,65631.9765625,65915.68827674711,64780.841419758646,64780.841419758646,13582516
2023-09-26,65214.6328125,66545.5436862245,65024.502687682216,66545.5436862245,13143470
2023-09-27,65024.51171875,65689.96724803545,64834.38156752559,65214.64186997442,14886491
2023-10-04,64168.9140625,64359.04417824074,63408.39359953704,64073.84900462963,23361149
2023-10-05,63408.3984375,64073.85389336581,63408.3984375,63978.788828242126,16108313
2023-10-06,62742.9453125,63978.79120501894,62742.9453125,63788.66106770834,14386527
2023-10-10,63123.20703125,64263.98788121235,62933.07688958961,62933.07688958961,19889202
2023-10-11,64834.375,65975.15579178886,64549.179802052786,65214.635263929624,25209349
2023-10-12,65499.828125,66260.34862572569,64834.37268686503,65214.63293722787,19311380
2023-10-13,64644.25,65119.57536764706,64359.05477941177,64644.25,9724086
2023-10-16,63978.796875,65119.57779996285,63503.47148959881,64549.187337481424,12599299
2023-10-17,65975.1640625,66450.48945199928,64073.86250450288,64359.05773820245,17299253
2023-10-18,67020.8671875,67020.8671875,65404.76117021277,65499.82623005319,16493184
2023-10-19,66070.21875,66545.5440647482,65975.15368705036,66260.34887589928,13985012
2023-10-20,65404.77734375,65785.03767714389,64739.32176031068,65499.84242709847,15204495
2023-10-23,65024.51171875,65689.96724803545,64834.38156752559,65309.70694558662,11625959
2023-10-24,65119.578125,65404.773357664235,64359.05750456204,65309.70828010949,12791710
2023-10-25,64644.25,65404.7705882353,64549.18492647059,65404.7705882353,10610703
2023-10-26,63408.3984375,64549.17921898425,63408.3984375,63693.59363287106,15517624
2023-10-27,63978.796875,63978.796875,63408.40641251857,63788.66672083952,11334726
2023-10-30,63978.796875,64454.122260401185,63408.40641251857,63503.47148959881,10139270
2023-10-31,63598.53125,64929.44221786248,63598.53125,64263.98673393124,14488892
2023-11-01,65214.6328125,65499.82799972668,63978.787001184406,64168.91712600219,13775256
2023-11-02,66260.3515625,66545.54676291249,65975.15636208752,66545.54676291249,16350031
2023-11-03,66165.28125,66735.67160560345,66070.21619073275,66260.34630926725,10322234
2023-11-06,67401.1328125,67401.1328125,65880.09173351551,66355.41707069817,22228489
2023-11-07,67401.1328125,67401.1328125,66545.54720557123,67115.9376101904,17228731
2023-11-08,66450.484375,67876.46043454936,66260.35423372676,67781.39536391273,12901310
2023-11-09,66830.7421875,67306.06752311523,66165.2867176387,66450.48191900783,12301373
2023-11-10,67020.8671875,67020.8671875,66070.21658909575,66545.54188829787,9684347
2023-11-13,66925.8046875,67781.39025878906,66830.73962402344,67781.39025878906,9246919
2023-11-14,67306.0625,67591.25768008475,67115.9323799435,67496.19262005649,9567984
2023-11-15,68636.96875,68636.96875,67971.51337430748,68066.57842797785,20148677
2023-11-16,69207.3671875,69397.49731713599,68732.04186341002,68922.17199304601,15860451
2023-11-17,68922.1796875,69397.50506465517,68732.04953663793,68732.04953663793,11494644
2023-11-20,69112.296875,69397.49204779918,68541.90652940165,68541.90652940165,10610157
2023-11-21,69207.3671875,69777.75757640797,69112.302122682,69492.56238195398,9712881
2023-11-22,69207.3671875,69397.49731713599,68351.78160413804,68636.97679859203,11105143
2023-11-23,68827.1015625,69587.62202175414,68636.97144768646,69397.49190694062,6775614
2023-11-24,68161.6484375,69017.23398274058,68161.6484375,68827.103861576,6676685
2023-11-27,67781.3828125,68541.90323676367,67591.25270643408,67971.51291856592,9113857
2023-11-28,69112.296875,69112.296875,67781.38606860385,67876.45112620358,13283081
2023-11-29,69112.296875,69207.36193259973,68636.97158700138,68827.10170220083,9283933
2023-11-30,69207.3671875,69207.3671875,68636.97679859203,69112.302122682,15783714
2023-12-01,68446.8515625,68922.1769205729,68161.65634765624,68827.11184895833,9871284
2023-12-04,69017.2421875,69302.43740315083,68827.11204373279,69207.37233126722,10229267
2023-12-05,67686.328125,68827.10893609551,67686.328125,68732.0438685042,12129682
2023-12-06,68161.6484375,68541.90867982915,68066.58337691771,68256.71349808229,8123087
2023-12-07,67971.515625,68351.77585227272,67591.25539772728,68256.71079545455,8862017
2023-12-08,69017.2421875,69207.37233126722,68351.78668431473,68541.91682808196,10859463
2023-12-11,69397.5078125,69397.5078125,68636.98717893836,69207.37765410959,9861960
2023-12-12,69872.828125,69872.828125,69492.56783588436,69682.69798044217,13758646
2023-12-13,69207.3671875,69872.82264122595,69207.3671875,69682.69251158996,13116766
2023-12-14,69492.5703125,70633.35122050274,68922.17985849862,70443.22106916894,27567593
2023-12-15,69682.6796875,70348.13501875852,69587.61464017736,70158.00492411324,15419815
2023-12-18,69302.4375,69777.76286008231,69207.37242798354,69682.69778806584,9690551
2023-12-19,69777.765625,69777.765625,69207.37517029973,69397.50532186648,8907632
2023-12-20,71108.6796875,71203.74476729613,70158.02888953878,70538.28920872326,16870156
2023-12-21,71298.78125,71298.78125,70633.32595833334,70918.52108333334,13478766
2023-12-22,72154.390625,72534.65091814888,71679.0652585639,72059.32555171278,14515608
2023-12-26,72819.84375,72914.90882016972,71964.25811847259,72344.51839915144,13164909
2023-12-27,74501.8671875,74501.8671875,73069.13897235577,73260.16940104167,20651042
2023-12-28,74979.453125,74979.453125,74024.30085589172,74215.33130971338,17797536
2024-01-02,76030.109375,76221.13980056533,74692.89639604272,74692.89639604272,17142847
2024-01-03,73546.7109375,75265.98469967533,73546.7109375,74979.43907264611,21753644
2024-01-04,73164.65625,73833.26276925587,72687.08016481723,72687.08016481723,15324439
2024-01-05,73164.65625,73642.23233518277,72973.62581592689,73260.17146703655,11304316
2024-01-08,73069.1484375,74024.30070465687,72973.63321078432,73546.72457107843,11088724
2024-01-09,71349.8515625,74215.30744854418,70967.7907776941,73928.76185993975,26019249
2024-01-10,70299.203125,71827.44667119565,69917.1422384511,71636.4162279212,20259529
2024-01-11,69917.1328125,70299.19364754099,69439.55676869878,69630.58718621927,57691266
2024-01-12,69821.6171875,70776.76926940835,69535.0715629275,69726.10197930917,13038939
2024-01-15,70585.75,70681.26522327469,69917.14343707713,69917.14343707713,2957915
2024-01-16,69344.0390625,70394.70632102272,69248.52385717975,70203.67591038223,14760415
2024-01-17,67815.7890625,70012.63856734155,67815.7890625,69821.6081756162,22683660
2024-01-18,68484.4140625,68770.95972803347,67529.26184405509,68388.89884065551,17853397
2024-01-19,71349.8515625,71349.8515625,69726.09322707496,70203.66920808233,23363427
2024-01-22,71731.9375,72591.57456724368,71636.42227030626,72496.05933754993,19673375
2024-01-23,71827.4453125,72400.53663148271,70967.80833402593,72305.02141165225,14786224
2024-01-24,70681.25,71827.43243243244,70203.6739864865,71827.43243243244,12860661
2024-01-25,70776.78125,71445.38782051283,70394.72035256411,70872.29647435897,11737747
2024-01-26,70108.171875,71158.83930091962,70012.65665446185,70394.71753661444,11160062
2024-01-29,71063.3203125,71827.44203629033,70203.6833732359,70490.22901965726,13976521
2024-01-30,70967.8046875,71922.95683672611,70394.71339796434,71636.41119195828,12244418
2024-01-31,69439.5625,70681.26031636864,69248.53206671252,70108.16901650619,15703560
2024-02-01,70299.203125,70872.29445482338,69630.5965735394,69726.11179517664,19881033
2024-02-02,71827.4453125,71827.4453125,70394.71701504322,70681.26267453458,14955881
2024-02-05,70967.8046875,71445.38076211305,70203.68296811912,70872.2894725774,19026021
2024-02-06,71063.3203125,71349.86595892138,70012.6529422883,70967.80509702621,14559254
2024-02-07,71636.4296875,72114.00588541667,70967.82301041667,71254.36872916667,16566445
2024-02-08,70776.78125,71827.44871794872,70299.20512820513,71636.41826923077,20810708
2024-02-13,71827.4453125,71827.4453125,71063.32355385637,71445.38443317819,21966745
2024-02-14,70681.25,70967.7956081081,70394.7043918919,70394.7043918919,12434945
2024-02-15,69917.1328125,71063.31531762295,69726.1023949795,70872.28490010246,14120600
2024-02-16,69535.0859375,70108.17730511677,69248.54025369162,70012.66207718063,13444781
2024-02-19,70490.2265625,70585.74177464431,69535.07444105692,69535.07444105692,12726404
2024-02-20,70012.6484375,70394.70927481241,69535.07239085948,70394.70927481241,14681477
2024-02-21,69726.109375,70394.71590325343,69630.59415667808,70108.17024828767,11503495
2024-02-22,69821.6171875,70585.73885302668,69439.55635473666,70490.22364483585,15208934
2024-02-23,69630.59375,70872.29158093278,69630.59375,70299.20027434842,16225166
2024-02-26,69535.0859375,69917.14684924451,68961.99456988325,69057.50979781937,14669352
2024-02-27,69630.59375,70108.16983882031,69439.56331447187,69821.62418552813,13201981
2024-02-28,69917.1328125,70585.73927382173,69535.07197745903,69630.58718621927,11795859
2024-02-29,70108.171875,70108.171875,68770.95878746593,69344.05011069482,21176403
2024-03-04,71540.890625,71636.40583277703,70681.25375500668,70967.79937833779,23210474
2024-03-05,70394.7109375,71445.37826492537,70394.7109375,71254.34784175712,19505125
2024-03-06,69630.59375,70203.68505658436,69439.56331447187,69917.13940329218,21547905
2024-03-07,68961.9765625,70012.64379544668,68961.9765625,69821.61338945637,14516963
2024-03-08,70012.6484375,70108.1636468281,69344.04197220327,69535.07239085948,19271349
2024-03-11,69153.015625,69821.6221296616,69057.50041004833,69630.59169975828,9740504
2024-03-12,70012.6484375,70203.6788561562,68866.46592556275,69344.04197220327,13011654
2024-03-13,70776.78125,70776.78125,70203.68990384616,70394.72035256411,15243134
2024-03-14,70967.8046875,71158.83511734522,70299.19818304172,71063.3199024226,22545539
2024-03-15,69057.5,70394.71300138313,69057.5,70108.1673582296,22580555
2024-03-18,69535.0859375,69726.11639337226,69248.54025369162,69344.05548162776,11520348
2024-03-19,69535.0859375,69726.11639337226,68484.41843020261,69057.50979781937,15376066
2024-03-20,73451.1953125,73737.74093790638,70108.16301609232,70394.7086414987,50106297
2024-03-21,75743.5546875,75743.5546875,74215.311465558,75648.03948612862,44569799
2024-03-22,75361.5078125,76316.6600027725,74310.84040320026,76030.11434569074,26724761
2024-03-25,74692.90625,76221.14985613812,74310.84534846547,76030.11940537085,18703996
2024-03-26,76316.6640625,76507.69451071652,75648.05749374218,76125.63361428348,30551494
2024-03-27,76221.140625,76412.17105263159,75648.04934210527,75648.04934210527,17424595
2024-03-28,77527.015625,77718.91417852724,75991.82719678218,76183.72575030942,25084812
2024-03-29,79062.1953125,79158.14457865595,77622.9563201608,77910.80411862864,27126366
2024-04-01,78678.40625,79925.74683689025,78678.40625,79829.79756097561,20116513
2024-04-02,81556.875,81556.875,79541.94044117647,79541.94044117647,37077944
2024-04-03,80693.3203125,81556.86357387039,80117.62480491975,80885.21881502676,30493347
2024-04-04,81844.7421875,82036.64076238277,80885.24931308617,81748.79290005862,25248934
2024-04-05,81077.1328125,81556.87916050295,80405.48792529585,81077.1328125,18883752
2024-04-08,81077.1328125,82516.37185650888,81077.1328125,81748.77769970414,18953232
2024-04-09,80213.5859375,81460.92638868123,79733.83961012261,81077.12932677931,23725956
2024-04-11,80693.3203125,81269.01582008027,79158.13229228597,79829.77705112961,25538009
2024-04-12,80309.5390625,81460.93030353943,79829.7927120669,81269.03176336619,17061770
2024-04-15,78870.3046875,79829.79744525548,77910.81192974452,79541.94961792884,26663772
2024-04-16,76759.4140625,78006.75454101562,76183.71845703125,77910.8052734375,31949845
2024-04-17,75703.96875,77527.0047528517,75703.96875,77431.05548954372,22611631
2024-04-18,76375.625,76855.37138819095,75128.28439070351,75608.03077889448,21370190
2024-04-19,74456.6484375,75512.09061895941,73209.30767759343,75128.29346206508,31317563
2024-04-22,73017.390625,74360.68033426412,72057.89797552563,74264.7310693167,30469477
2024-04-23,72441.703125,73689.04370860927,72441.703125,73305.24660596026,18717699
2024-04-24,75416.125,75608.02353689568,74072.83524173028,74360.68304707379,22166150
2024-04-25,73209.296875,74360.68817578637,73209.296875,74168.7896256553,15549134
2024-04-26,73593.078125,74744.46917780313,73401.17961619947,74648.51992340287,12755629
2024-04-29,73593.078125,74456.62141460234,73113.33185299869,74264.72290580183,14664474
2024-04-30,74360.6875,75320.18024193548,73497.14403225806,73880.94112903226,19007007
2024-05-02,74840.4296875,75416.12530048077,74168.78480568911,74456.63261217948,18900640
2024-05-03,74456.6484375,75799.93848663016,74360.69914827643,75799.93848663016,13151889
2024-05-07,78006.75,78006.75,76183.71402214022,76375.61254612546,26238868
2024-05-08,78006.75,78102.69926199262,77239.15590405904,77527.0036900369,13089576
2024-05-09,76471.5625,78198.6492314931,76471.5625,77814.85218005019,18759935
2024-05-10,75991.828125,77814.86440577652,75703.98029119318,77143.21946022726,16976124
2024-05-13,75224.2265625,76663.46559111927,74456.63241390306,76183.71924824618,18652344
2024-05-14,75128.28125,75608.02761813537,74744.4841554917,75416.12907088123,11763992
2024-05-16,75032.3359375,77047.27079004156,74936.38665880755,76951.3215113491,20989778
2024-05-17,74264.7265625,75608.01619024547,74072.82804425065,75416.11767199612,15918201
2024-05-20,75703.96875,75895.86727661597,74744.47611692015,74936.37464353612,19456783
2024-05-21,75224.2265625,75799.9221739477,75032.32802535077,75320.17583107462,13690583
2024-05-22,74552.5703125,75512.06285191441,74168.77329673423,74936.36732826577,19521506
2024-05-23,75128.28125,75895.8754390166,73976.8899664751,74552.58560823754,18728087
2024-05-24,72825.4921875,73880.93410326088,72633.59365736166,73689.03557312253,27891278
2024-05-27,74072.84375,75032.33654468913,71002.46680699482,72249.80744009068,43825202
2024-05-28,74456.6484375,74840.44559439433,73113.35838836984,73401.20625604059,18539072
2024-05-29,72153.859375,75032.3378075133,72153.859375,74552.59140209442,30244875
2024-05-30,70522.71875,72153.85646258504,70522.71875,71770.0593537415,28551273
2024-05-31,70522.71875,71674.11007653062,70522.71875,71482.21152210885,26198776
2024-06-03,72633.6015625,73305.24649108322,71194.36242982166,71386.26098084544,15706268
2024-06-04,72249.8046875,73017.3988940073,71866.00758424636,71866.00758424636,14098053
2024-06-05,74264.7265625,74840.42211724806,73689.03100775194,74840.42211724806,23177968
2024-06-07,74168.7890625,75416.12962888098,73976.890513826,75224.23108020698,21189349
2024-06-10,72633.6015625,73497.145042107,72537.6522869881,73017.39866454755,14598755
2024-06-11,72153.859375,72921.45362367021,72057.91009391622,72825.50434258643,16971175
2024-06-12,73401.203125,73976.89883578432,72153.86241830065,72249.81170343138,19246725
2024-06-13,75416.125,75799.92207379136,74648.5308524173,75224.22646310434,33763804
2024-06-14,76375.625,77239.16849874372,75799.92933417085,76471.5742776382,22926612
2024-06-17,74936.3671875,76279.65674015686,74840.4179337388,75991.80897887325,16123051
2024-06-18,76567.5234375,76951.32054746241,75416.13210761278,75512.08138510339,18207598
2024-06-19,77910.8125,79158.15309421183,77239.16756465517,77814.86322352217,24168863
2024-06-20,78294.609375,78870.30503216911,77910.81227022059,78198.66009880515,20288913
2024-06-21,76759.4140625,77527.00820312499,76759.4140625,77431.05893554687,17907523
2024-06-24,77335.1171875,77622.9650182227,76279.67514151675,76471.57369533188,15454227
2024-06-25,77527.015625,78486.50839263614,76855.37068765471,77335.11707147278,19088458
2024-06-26,78006.75,78102.69926199262,76663.46033210332,76855.35885608857,17783242
2024-06-27,78643.8125,78643.8125,77583.66306678922,78354.68083639706,11739720
2024-06-28,78547.4296875,78932.93854486197,77872.78918711656,78932.93854486197,9455929
2024-07-01,78836.5546875,79125.68630615831,78354.6686564028,78547.42306884169,11317202
2024-07-02,78836.5546875,79607.5723372555,78547.42306884169,79511.19513103606,14471904
2024-07-03,78836.5546875,79318.44071859718,78065.53703774449,79318.44071859718,11440328
2024-07-04,81535.1328125,81631.51003804669,79414.83385047282,79896.71997820627,43857229
2024-07-05,83944.5625,83944.5625,82113.39523536165,82498.90413318024,45791193
2024-07-08,84233.6953125,85390.22202159611,83751.80918370995,84715.58144129005,24035809
2024-07-09,84619.203125,85004.71202306378,83751.80810435649,84619.203125,21336201
2024-07-10,84619.203125,84811.95757403188,83944.56255338837,84426.4486759681,17813847
2024-07-11,84426.4375,85582.96404109588,83559.04259417808,85293.83240582192,24677608
2024-07-12,81342.3828125,82980.79573644846,81053.2511200385,82788.04127480746,26344386
2024-07-15,83559.0703125,84137.33377487025,81053.26197556229,81631.52543793253,25193080
2024-07-16,84522.828125,84811.95980615736,83559.05585447549,83751.81030858039,16166688
2024-07-17,83559.0703125,84811.97448096886,83269.93858131488,83944.5792874135,18186490
2024-07-18,83751.796875,83751.796875,80764.10331559264,80764.10331559264,24721790
2024-07-19,81342.3828125,82980.79573644846,81053.2511200385,82498.90958234596,18569122
2024-07-22,79993.1015625,81824.26894766567,79607.59263930723,81342.3827936747,18987560
2024-07-23,80860.4921875,81631.50999143325,80378.60606004173,81149.62386397498,15766389
2024-07-24,79029.3203125,80282.22417111282,78932.94309260671,79896.71529153964,16939083
2024-07-25,77487.28125,78065.54454291044,77198.14960354478,77487.28125,20323811
2024-07-26,77969.171875,78354.68075942522,77487.28576946848,77776.41743278739,14508334
2024-07-29,78258.3046875,79029.3224676724,78161.92746497845,78643.8135775862,12797136
2024-07-30,78065.5546875,78065.5546875,77101.78240740742,77487.29131944444,13169636
2024-07-31,80860.4921875,80860.4921875,77969.1754227503,78258.30709922528,20744323
2024-08-01,80089.46875,82980.78531137184,80089.46875,82884.40809265945,20900338
2024-08-02,76716.2734375,78451.06354035804,76619.89620956343,78065.5546286118,25800275
2024-08-05,68813.3515625,74114.09993216037,67656.8246454832,73921.3454459909,54608790
2024-08-06,69873.4921875,72572.05464439654,69680.7377262931,72186.54572198275,47295226
2024-08-07,71993.7734375,73246.67712516733,70162.60650937082,70355.3609228581,32710428
2024-08-08,70740.890625,71222.77680091962,69873.49550834468,70548.13615463216,28414729
2024-08-09,71993.7734375,73053.92271168005,71511.88740378179,72957.54550493641,16388222
2024-08-12,72764.8046875,73150.31358650663,72090.16411423842,72475.67301324503,9839259
2024-08-13,73343.0625,73824.94858738502,72764.79919513798,73728.57136990801,10716261
2024-08-14,74403.21875,74981.48210816062,74210.46429727979,74595.97320272021,13246168
2024-08-16,77294.53125,77294.53125,75848.87293485038,76523.5134819202,22061478
2024-08-19,75463.359375,77198.14924568965,75174.22772988505,77198.14924568965,14146565
2024-08-20,76041.625,76909.01996197719,75848.87056400508,76619.88830798479,10683836
2024-08-21,75463.359375,75752.49102011495,74981.47329980844,75077.85051484675,7805598
2024-08-22,75463.359375,76041.6226652299,74981.47329980844,75848.86823515326,8149101
2024-08-23,74885.0859375,75559.72635135136,74692.33153354247,74885.0859375,9420306
2024-08-26,73343.0625,75366.98406701708,73246.685282523,75270.60684954008,15655938
2024-08-27,73053.9375,73728.57808377309,72861.18304749341,72957.5602737467,11130145
2024-08-28,73632.203125,73632.203125,72668.43083278796,73053.93974967278,9794514
2024-08-29,71319.140625,71993.78114442568,70837.25453969595,70933.63175675676,16884479
2024-08-30,71608.2734375,72282.91396786676,71415.51900025236,71704.65065612382,16358520
2024-09-02,71704.6484375,71993.7800844254,70837.25349672379,71801.0256531418,12641376
2024-09-03,69873.4921875,71608.28233836207,69873.4921875,71415.52787715517,16314599
2024-09-04,67464.0546875,68524.20411830356,67271.3002455357,67271.3002455357,27366563
2024-09-05,66500.28125,68620.58007246377,66500.28125,67560.43066123188,25686769
2024-09-06,66403.90625,67174.92402939041,65536.51124818578,66596.66069484761,19022299
2024-09-09,65054.62109375,65729.2616087963,64187.22614583334,64476.35779513889,23263298
2024-09-10,63801.71875,64861.86815521148,63608.964312688826,64572.73649924471,30651376
2024-09-11,62548.8203125,63127.08367440293,61874.17972361325,62741.574766467646,35809707
2024-09-12,63898.1015625,64187.233243778275,62837.952064479636,63608.96988122172,35884106
2024-09-13,62066.93359375,63127.08308059977,61970.55636767275,62645.19695021351,25045135
2024-09-19,60814.0234375,62066.92724841522,59946.62849148178,61681.41838351823,49402713
2024-09-20,60717.6484375,62356.06117311508,60717.6484375,61488.666195436504,32746056
2024-09-23,60332.1328125,61199.52769319089,59946.62397663738,60043.00118560303,28542376
2024-09-24,60910.40625,61103.16070015823,60139.38844936709,60524.897349683546,26957500
2024-09-25,59946.6328125,61874.177275924434,59946.6328125,61488.66838323954,28652438
2024-09-26,62356.0625,62548.816943585785,61392.2902820711,61585.04472565688,37566015
2024-09-27,62221.34375,63384.35952102803,62221.34375,62705.933654595014,28433030
2024-09-30,59604.5546875,62318.25799034553,59604.5546875,62221.340015243906,32694163
2024-10-02,59410.72265625,59992.23054521819,58053.87091532422,58635.37880429241,28473536
2024-10-04,58732.30078125,59798.398650216586,58635.38279316213,59119.972733601484,24247578
2024-10-07,59119.96875,59992.2305840164,57666.19902663935,58344.62489754098,35066533
2024-10-08,58441.54296875,59119.968840692374,58053.87104192579,58150.78902363184,27411786
2024-10-10,57084.6953125,58344.629164898135,57084.6953125,58247.71117625212,45262214
2024-10-11,57472.36328125,58247.70713664629,57181.609335476394,57278.52731740093,29623969
2024-10-14,57472.36328125,59313.80493781619,57569.28126317453,57666.19924509907,20886249
2024-10-15,59119.96875,59507.64067622951,58247.70691598361,59216.88673155738,22715239
2024-10-16,57666.203125,58150.79306722689,57375.44915966387,57569.28513655462,23303268
2024-10-17,57860.03515625,58247.70708359506,57278.52726523241,57569.2812107412,23372873
2024-10-18,57375.4453125,58247.70715002112,57278.52733055321,58053.87118612754,14420260
2024-10-21,57181.609375,57763.11726694916,56697.01946504237,57181.609375,18514905
2024-10-22,55921.6796875,57084.695556217506,55921.6796875,56987.77756715771,27582527
2024-10-23,57278.52734375,58150.78918147208,55340.167704367595,55727.83963224408,27300780
2024-10-24,54855.58203125,56697.023830885606,54855.58203125,56406.26986252209,31499922
2024-10-25,54177.1484375,55146.32819487925,54080.230461762076,54274.066413237924,25829315
2024-10-28,56309.34765625,56697.01958503657,53983.316083530546,53983.316083530546,27775009
2024-10-29,57763.11328125,57763.11328125,55533.99984925545,56212.42567638423,28369314
2024-10-30,57278.52734375,57956.95321753384,56793.9374339044,57278.52734375,19838511
2024-10-31,57375.4453125,59313.80495143581,56503.18347497889,56697.01943887247,35809196
2024-11-01,56503.18359375,57763.11736170669,56309.347629448974,57181.6094688036,19083180
2024-11-04,56890.85546875,57569.281343164395,56600.1015225724,56793.9374866908,15586947
2024-11-05,55824.7578125,56309.34772406684,55437.08588324653,56018.593777126734,17484474
2024-11-06,55534.00390625,56212.429782940664,54564.824082406194,55824.75785340314,22092218
2024-11-07,55534.00390625,56309.347765325045,55049.4139943281,55146.33197671248,17043102
2024-11-08,55243.25,56503.18377192983,55243.25,56212.429824561405,13877396
2024-11-11,53304.89453125,55049.418352272725,53304.89453125,54952.500362215906,29811326
2024-11-12,51366.53125,52917.21898584906,51366.53125,52917.21898584906,37962881
2024-11-13,49040.50390625,51366.53571208004,48943.585914340416,50397.35579298419,52527995
2024-11-14,48362.07421875,50203.515922469946,48362.07421875,48652.82817196894,48510715
2024-11-15,51851.12109375,52529.54697721962,48749.74562646028,48749.74562646028,46774485
2024-11-18,54952.49609375,55727.83995397927,54177.15223352072,55243.250041335974,48095234
2024-11-19,54564.82421875,55727.84001026865,54177.152288243786,54758.66018400311,31539632
2024-11-20,53595.6484375,54758.664316794755,53111.05848779385,54370.992357029834,20864667
2024-11-21,54661.7421875,55146.33210050975,53014.13648326685,53207.97244847075,19096850
2024-11-22,54274.0703125,54952.49619140625,54177.15232979911,54274.0703125,15281543
2024-11-25,56115.51171875,56115.51171875,54952.495931832906,55630.92180753454,36237325
2024-11-26,56503.18359375,57084.691486653086,55727.83973654589,56115.51166514794,23209405
2024-11-27,54564.82421875,56018.59395814832,54274.07027087034,55921.67597552176,21808387
2024-11-28,53789.484375,54661.74628378378,53498.730405405404,54274.07432432432,20001134
2024-11-29,52529.55078125,53595.64867533441,52141.87881976476,53401.81269459179,24513531
2024-12-02,51948.04296875,52723.386893656716,51463.453015683306,52626.46890304338,22044867
2024-12-03,51948.04296875,52723.386893656716,51463.453015683306,51463.453015683306,23374603
2024-12-04,51463.453125,51754.20709745763,50397.3552259887,50397.3552259887,29004766
2024-12-05,52044.953125,52723.37895716946,51560.36324487896,51560.36324487896,23588277
2024-12-06,52432.62890625,52723.38285582255,51075.777141578095,52238.7929398683,22861874
2024-12-09,51754.20703125,52917.2229195927,51560.371049859554,51851.12502194523,26227680
2024-12-10,52335.7109375,52820.30085358796,52044.956987847225,52820.30085358796,20783970
2024-12-11,52335.7109375,52529.54690393519,51754.20303819445,51948.03900462963,14565947
2024-12-12,54177.1484375,54758.65629192755,52238.7889227415,52335.70689847943,33476698
2024-12-13,54370.9921875,54564.828166778076,53789.48424966578,54080.23821858289,15908823
2024-12-16,53886.3984375,54855.57826551259,53498.72650629497,54564.82431710881,15277277
2024-12-17,52529.55078125,53498.7306849631,52335.714800507376,53014.14073310655,20215230
2024-12-18,53207.97265625,53692.5625711521,52335.71080942623,52432.62879240665,13698937
2024-12-19,51463.453125,52141.87906073446,51463.453125,51851.125088276836,22481925
2024-12-20,51366.53125,51463.449233490566,50300.43343160377,51075.7772995283,24674774
2024-12-23,51851.12109375,52335.71101051402,51657.28512704439,51754.2031103972,13672650
2024-12-24,52723.38671875,52820.30470904182,51948.042796415444,52044.96078670726,11634677
2024-12-26,51948.04296875,52917.222874883395,51851.124978136664,52820.30488427006,10517075
2024-12-27,52399.828125,52790.14341829609,51911.93400837989,52204.67047835195,10747196
2024-12-30,51911.9375,52692.56813909774,51814.35867011278,52009.516329887214,12624702
